yil,ay,ort 
2017.0,12.0,3914.733333333333
2017.0,11.0,3277.5714285714284
2017.0,10.0,2996.142857142857
2017.0,9.0,2726.55
2017.0,8.0,2069.333333333333
2017.0,7.0,988.0
2017.0,6.0,1216.0666666666666
2017.0,5.0,1621.1
2017.0,4.0,2099.1176470588234
2017.0,3.0,2036.0
2017.0,2.0,850.5263157894735
2017.0,1.0,1488.5
